{"cameraMode":{"drawMode":0,"name":"Shaded","section":"Shading Mode"},"sceneLighting":true,"audioPlay":false,"sceneViewState":{"m_AlwaysRefresh":false,"showFog":true,"showSkybox":true,"showFlares":true,"showImageEffects":true,"showParticleSystems":true,"showVisualEffectGraphs":true,"m_FxEnabled":true},"in2DMode":false,"pivot":{"x":6.067918300628662,"y":2.0422773361206056,"z":-4.631171226501465},"rotation":{"x":0.2152038961648941,"y":-0.004404507111757994,"z":0.0009385423036292195,"w":0.9765864014625549},"size":5.177709102630615,"orthographic":false}