{"cameraMode":{"drawMode":0,"name":"Shaded","section":"Shading Mode"},"sceneLighting":true,"audioPlay":false,"sceneViewState":{"m_AlwaysRefresh":false,"showFog":true,"showSkybox":true,"showFlares":true,"showImageEffects":true,"showParticleSystems":true,"showVisualEffectGraphs":true,"m_FxEnabled":true},"in2DMode":false,"pivot":{"x":15.33462905883789,"y":4.3085856437683109,"z":29.786510467529298},"rotation":{"x":-0.025208670645952226,"y":0.48353472352027895,"z":-0.013941638171672821,"w":-0.8748612403869629},"size":0.009195087477564812,"orthographic":false}