{"cameraMode":{"drawMode":0,"name":"Shaded","section":"Shading Mode"},"sceneLighting":true,"audioPlay":false,"sceneViewState":{"m_AlwaysRefresh":false,"showFog":true,"showSkybox":true,"showFlares":true,"showImageEffects":true,"showParticleSystems":true,"showVisualEffectGraphs":true,"m_FxEnabled":true},"in2DMode":false,"pivot":{"x":-1.8706861734390259,"y":1.7582597732543946,"z":3.4643332958221437},"rotation":{"x":0.5727524757385254,"y":0.008606765419244767,"z":-0.006014123558998108,"w":0.8196613192558289},"size":3.975940704345703,"orthographic":false}